{
    "Vitality": 28632,
    "Agility": 120,
    "Spirit": 120,
    "Spunk": 119,
    "Strength": 119,
    "SolarAttackPowerBase": 21,
    "SolarAttackPower": 1447,
    "SolarCriticalStrikeRate": 0.0021266176984959776,
    "SolarCriticalDamagePowerPercent": 1.75,
    "SolarOvercomePercent": 0.0009793634137810422,
    "StrainPercent": 0.25920847389995283,
    "HastePercent": 0.0483397463303406,
    "SurplusValue": 8110,
    "MaxHealth": 444897,
    "PhysicsShieldPercent": 0.1732257889893358,
    "LunarShieldPercent": 0.4817265601140181,
    "ToughnessDefCriticalPercent": 0.07482336481287163,
    "DecriticalDamagePercent": 0.015,
    "DodgePercent": 0.29736842105263156,
    "ParryPercent": 0.03,
    "ParryValue": 0,
    "ActiveThreatCoefficient": 7680,
    "MeleeWeaponAttackSpeed": 16,
    "MeleeWeaponDamage": 868,
    "MeleeWeaponDamageRand": 579
}