{
    "Vitality": 17294,
    "Agility": 38,
    "Spirit": 38,
    "Spunk": 3465,
    "Strength": 37,
    "SolarAttackPowerBase": 19031,
    "SolarAttackPower": 25615,
    "SolarCriticalStrikeRate": 0.4666246939489332,
    "SolarCriticalDamagePowerPercent": 2.0692003998001,
    "SolarOvercomePercent": 0.4289331934242742,
    "StrainPercent": 0.3521021511227192,
    "HastePercent": 0.07266923186546957,
    "SurplusValue": 3733,
    "MaxHealth": 239927,
    "PhysicsShieldPercent": 0.0689579497933456,
    "SolarShieldPercent": 0.10155652552443027,
    "ToughnessDefCriticalPercent": 0,
    "DecriticalDamagePercent": 0.265,
    "MeleeWeaponAttackSpeed": 16,
    "MeleeWeaponDamage": 1008,
    "MeleeWeaponDamageRand": 672
}